1,1,2017,m,2017-03-14,2017-03-25,2017-03-16,2017-03-19
2,2,2017,m,2017-03-29,2017-04-09,2017-03-29,2017-04-09
3,3,2017,m,2017-04-12,2017-04-24,2017-04-15,2017-04-19
4,4,2017,m,2017-05-09,2017-05-20,2017-05-09,2017-05-18
5,5,2017,m,2017-06-04,2017-06-16,,
6,6,2017,m,2017-07-12,2017-07-23,,
7,7,2017,m,2017-08-11,2017-08-22,,
8,8,2017,m,2017-09-06,2017-09-17,,
9,9,2017,m,2017-10-07,2017-10-18,,
10,10,2017,m,2017-10-20,2017-10-31,,
11,11,2017,m,2017-12-08,2017-12-20,,
12,1,2016,m,2016-03-10,2016-03-21,2016-03-11,2016-03-16
13,2,2016,m,2016-03-24,2016-04-05,2016-03-25,2016-04-03
14,3,2016,m,2016-04-08,2016-04-19,2016-04-08,2016-04-16
15,4,2016,m,2016-05-10,2016-05-21,2016-05-10,2016-05-20
16,5,2016,m,2016-06-05,2016-06-17,2016-06-05,2016-06-17
17,6,2016,m,2016-07-06,2016-07-17,2016-07-06,2016-07-16
18,7,2016,m,2016-08-19,2016-08-30,2016-08-21,2016-08-24
19,8,2016,m,2016-09-07,2016-09-18,2016-09-09,2016-09-15
20,9,2016,m,2016-10-04,2016-10-15,2016-10-04,2016-10-13
21,10,2016,m,2016-10-18,2016-10-29,2016-10-18,2016-10-25
22,11,2016,m,2016-12-08,2016-12-20,2016-12-15,2016-12-20
23,1,2015,m,2015-02-28,2015-03-13,2015-02-28,2015-03-13
24,2,2015,m,2015-04-01,2015-04-12,2015-04-01,2015-04-09
25,3,2015,m,2015-04-15,2015-04-26,2015-04-15,2015-04-24
26,4,2015,m,2015-05-11,2015-05-22,2015-05-12,2015-05-18
27,5,2015,m,2015-06-07,2015-06-19,2015-06-12,2015-06-16
28,6,2015,m,2015-07-08,2015-07-19,2015-07-10,2015-07-20
29,7,2015,m,2015-08-14,2015-08-25,2015-08-16,2015-08-26
30,8,2015,m,2015-09-09,2015-09-20,2015-09-10,2015-09-19
31,9,2015,m,2015-10-06,2015-10-17,2015-10-08,2015-10-16
32,10,2015,m,2015-10-20,2015-10-31,2015-10-23,2015-10-31
33,11,2015,m,2015-12-08,2015-12-20,2015-12-11,2015-12-18
